"poi_id";"name";"str_hausnr";"plz_ort";"kategorie";"hauptkateg";"beschreib";"link";"bedeut_id";"bedeutung";"erstkateg";"angelegt";"geaendert";"kateg_id";"kateg_pfad";"rechts_utm";"hoch_utm";"abrufdatum"
"611861";"Kindertageseinrichtung Villa Luna Bochum O-Werk";"Suttner-Nobel-Allee 4 a";"44789 Bochum";"Kitas von Vereinen und Elterninitiativen";"Soziales";"";"https://villaluna.de/bochum/kita-bochum/";"3";"Örtlich";"1";"2023-08-17";"";"301160";"Soziales/Kindertagesstätten/Kitas von Vereinen und Elterninitiativen";"379123";"5702951";"2023-10-17"
"611860";"ASB-Kita In der Schornau";"In der Schornau 23 - 25";"44892 Bochum";"Kindertagesstätten freie Wohlfahrtsverbände";"Soziales";"";"https://www.asb.de/unsere-angebote/kinder-jugend-familie/kinderbetreuung/kindertageseinrichtungen";"3";"Örtlich";"1";"2023-08-17";"";"23595";"Soziales/Kindertagesstätten/Kindertagesstätten freie Wohlfahrtsverbände";"383872";"5702663";"2023-10-17"
"611859";"JuS Kita Am Kuhlenkamp";"Am Kuhlenkamp 29";"44795 Bochum";"Kitas von Vereinen und Elterninitiativen";"Soziales";"";"https://www.jugendundsozialwerk.de/kitas/";"3";"Örtlich";"1";"2023-08-17";"2023-08-17";"301160";"Soziales/Kindertagesstätten/Kitas von Vereinen und Elterninitiativen";"374940";"5700977";"2023-10-17"
"610996";"AWO Kindertageseinrichtung Elisabethstraße";"Elisabethstr. 2";"44866 Bochum";"Kindertagesstätten freie Wohlfahrtsverbände";"Soziales";"";"www.awo-ruhr-mitte.de/kinder-jugend-familie/kindertagesstaetten/kita-elisabethstrasse-bochum";"3";"Örtlich";"1";"2023-02-09";"2023-08-17";"23595";"Soziales/Kindertagesstätten/Kindertagesstätten freie Wohlfahrtsverbände";"371001";"5704963";"2023-10-17"
"610891";"Martin-Luther-Kinderhaus Familienzentrum";"Lutherstr. 3";"44866 Bochum";"Kindertagesstätten freie Wohlfahrtsverbände";"Soziales";"";"www.kitanetz.de/nordrhein-westfalen/44866/lutherstr-3.php";"3";"Örtlich";"1";"2023-01-18";"2023-02-09";"23595";"Soziales/Kindertagesstätten/Kindertagesstätten freie Wohlfahrtsverbände";"371162";"5705110";"2023-10-17"
"608519";"Evang. Kindertagesstätte/Familienzentrum Kornharpen";"Zur Wegschere 2 a";"44791 Bochum";"Ev. Kindertagesstätten";"Soziales";"";"www.familienzentrumkornharpen.de";"3";"Örtlich";"1";"2022-01-28";"2023-01-19";"23584";"Soziales/Kindertagesstätten/Ev. Kindertagesstätten";"379234";"5705579";"2023-10-17"
"606049";"Städtische Kindertageseinrichtung Fischerstr. 15";"Fischerstr. 15";"44805 Bochum";"Kommunale Kindertagesstätten";"Soziales";"";"www.kitaportal-bochum.de";"3";"Örtlich";"1";"2021-07-20";"2022-09-09";"23583";"Soziales/Kindertagesstätten/Kommunale Kindertagesstätten";"381176";"5709259";"2023-10-17"
"606048";"AWO Kindertageseinrichtung Am Nordbad";"Am Nordbad 14";"44805 Bochum";"Kindertagesstätten freie Wohlfahrtsverbände";"Soziales";"";"www.awo-ruhr-mitte.de/kinder-jugend-familie/kindertagesstaetten";"3";"Örtlich";"1";"2021-07-20";"2023-01-19";"23595";"Soziales/Kindertagesstätten/Kindertagesstätten freie Wohlfahrtsverbände";"379456";"5707256";"2023-10-17"
"513965";"IFAK Kindertageseinrichtung Feldsieper Str.";"Feldsieper Str. 131 a";"44809 Bochum";"Kindertagesstätten freie Wohlfahrtsverbände";"Soziales";"";"https://ifak-bochum.de/fachbereich-fruehkindliche-bildung/kindertageseinrichtung-feldsieper-strasse/";"3";"Örtlich";"1";"2021-01-28";"2023-08-31";"23595";"Soziales/Kindertagesstätten/Kindertagesstätten freie Wohlfahrtsverbände";"375771";"5706373";"2023-10-17"
"498695";"AWO Kindertageseinrichtung Familienzentrum Wasserstr.";"Wasserstr. 24";"44803 Bochum";"Kindertagesstätten freie Wohlfahrtsverbände";"Soziales";"";"www.awo-ruhr-mitte.de/kinder-jugend-familie/kindertagesstaetten/kita-wasserstrasse-bochum";"3";"Örtlich";"1";"2020-10-02";"2023-08-29";"23595";"Soziales/Kindertagesstätten/Kindertagesstätten freie Wohlfahrtsverbände";"377999";"5703525";"2023-10-17"
"495581";"Kath. Kindertageseinrichtung St. Barbara";"Köttlingerweg 20";"44793 Bochum";"Kath. Kindertagesstätten";"Soziales";"";"www.kita-zweckverband.de/kita-suche/bochum/detail/42-st-barbara.html";"3";"Örtlich";"1";"2020-06-23";"2020-09-09";"23585";"Soziales/Kindertagesstätten/Kath. Kindertagesstätten";"373437";"5703381";"2023-10-17"
"495576";"IFAK Kindertageseinrichtung Diemelstr.";"Diemelstr. 16";"44803 Bochum";"Kindertagesstätten freie Wohlfahrtsverbände";"Soziales";"";"www.ifak-bochum.de";"3";"Örtlich";"1";"2020-06-23";"2023-02-09";"23595";"Soziales/Kindertagesstätten/Kindertagesstätten freie Wohlfahrtsverbände";"378643";"5706393";"2023-10-17"
"454615";"Integrative Kindertageseinrichtung / Familienzentrum Wasserstraße";"Wasserstr. 435";"44795 Bochum";"Heilpädagogische Tagesstätten";"Soziales";"";"www.diakonie-ruhr.de/familie_und_jugend/familienzentrum_integrative_kindertagesstaette_wasserstrasse";"3";"Örtlich";"1";"2019-10-31";"2021-04-01";"205410";"Soziales/Kindertagesstätten/Heilpädagogische Tagesstätten";"374974";"5701796";"2023-10-17"
"385963";"Städt. Kindertageseinrichtung Ginsterweg";"Ginsterweg 68 c";"44869 Bochum";"Kommunale Kindertagesstätten";"Soziales";"";"www.kitaportal-bochum.de/profil/16";"3";"Örtlich";"1";"2018-06-11";"2023-01-18";"23583";"Soziales/Kindertagesstätten/Kommunale Kindertagesstätten";"371250";"5702024";"2023-10-17"
"385959";"OUTLAW Kindertageseinrichtung Obertor";"Obertor 50";"44866 Bochum";"Kindertagesstätten freie Wohlfahrtsverbände";"Soziales";"";"https://www.outlaw-ggmbh.de/einrichtung/kita-obertor-bochum";"3";"Örtlich";"1";"2018-06-11";"2023-08-31";"23595";"Soziales/Kindertagesstätten/Kindertagesstätten freie Wohlfahrtsverbände";"370291";"5705339";"2023-10-17"
"385949";"Waldkindergarten ""Die Waldmäuse""";"Schultesche Heide 50";"44807 Bochum";"Kitas von Vereinen und Elterninitiativen";"Soziales";"";"www.xn--waldmuse-4za.de/";"3";"Örtlich";"1";"2019-11-12";"2023-04-13";"301160";"Soziales/Kindertagesstätten/Kitas von Vereinen und Elterninitiativen";"378344";"5708432";"2023-10-17"
"385935";"AWO Kindertageseinrichtung Höntroper Straße";"Höntroper Str. 99 a";"44869 Bochum";"Kindertagesstätten freie Wohlfahrtsverbände";"Soziales";"";"www.awo-ruhr-mitte.de/kinder-jugend-familie/kindertagesstaetten/kita-hoentroper-strasse-bochum";"3";"Örtlich";"1";"2018-06-11";"2021-06-17";"23595";"Soziales/Kindertagesstätten/Kindertagesstätten freie Wohlfahrtsverbände";"372408";"5702491";"2023-10-17"
"385930";"Caritas-Kindergarten Don Bosco";"Alte Wittener Str. 25";"44803 Bochum";"Kindertagesstätten freie Wohlfahrtsverbände";"Soziales";"";"www.kitaportal-bochum.de/profil/182";"3";"Örtlich";"1";"2018-06-12";"2023-08-29";"23595";"Soziales/Kindertagesstätten/Kindertagesstätten freie Wohlfahrtsverbände";"379795";"5703505";"2023-10-17"
"385902";"AWO Kindertageseinrichtung Hedwigstraße";"Hedwigstr. 51";"44809 Bochum";"Kindertagesstätten freie Wohlfahrtsverbände";"Soziales";"";"www.awo-ruhr-mitte.de/kinder-jugend-familie/kindertagesstaetten";"3";"Örtlich";"1";"2018-06-11";"2021-04-01";"23595";"Soziales/Kindertagesstätten/Kindertagesstätten freie Wohlfahrtsverbände";"375471";"5706211";"2023-10-17"
"358176";"Ev. Kindertageseinrichtung / Familienzentrum Harkortstraße";"Harkortstr. 36";"44866 Bochum";"Ev. Kindertagesstätten";"Soziales";"";"www.kitaportal-bochum.de/profil/181";"3";"Örtlich";"1";"2017-09-19";"2023-01-18";"23584";"Soziales/Kindertagesstätten/Ev. Kindertagesstätten";"371450";"5704490";"2023-10-17"
"358169";"Waldorf Kindertageseinrichtung Michael Garten";"Reiterweg 13";"44869 Bochum";"Waldorf Kindertagesstätten";"Soziales";"";"www.widarschule.de/wp-content/uploads/2008/11/kindergarten.pdf";"3";"Örtlich";"1";"2017-09-19";"2017-09-19";"205419";"Soziales/Kindertagesstätten/Waldorf Kindertagesstätten";"372264";"5702382";"2023-10-17"
"358155";"Kindertageseinrichtung PreSchool";"Springorumallee 3";"44795 Bochum";"Kitas von Vereinen und Elterninitiativen";"Soziales";"";"www.kitaportal-bochum.de";"3";"Örtlich";"1";"2017-09-18";"2017-09-18";"301160";"Soziales/Kindertagesstätten/Kitas von Vereinen und Elterninitiativen";"375639";"5701832";"2023-10-17"
"358149";"Waldkindergarten Matschzwerge";"Lewackerstr. 181";"44879 Bochum";"Kitas von Vereinen und Elterninitiativen";"Soziales";"Freunde der Bochumer Natur e.V.";"www.kita-matschzwerge.de";"3";"Örtlich";"1";"2017-09-15";"2023-09-06";"301160";"Soziales/Kindertagesstätten/Kitas von Vereinen und Elterninitiativen";"371466";"5698046";"2023-10-17"
"358086";"AWO Kindertageseinrichtung / Familienzentrum Bayernstraße";"Bayernstr. 16";"44793 Bochum";"Kindertagesstätten freie Wohlfahrtsverbände";"Soziales";"";"www.awo-ruhr-mitte.de/kinder-jugend-familie/kindertagesstaetten/kita-bayernstrasse-bochum";"3";"Örtlich";"1";"2017-09-11";"2021-04-01";"23595";"Soziales/Kindertagesstätten/Kindertagesstätten freie Wohlfahrtsverbände";"374014";"5704797";"2023-10-17"
"329272";"Kindertageseinrichtung des SKFM / Familienzentrum St.Barbara";"Hollandstr. 24";"44866 Bochum";"Kindertagesstätten freie Wohlfahrtsverbände";"Soziales";"";"www.kita-st-barbara.de";"3";"Örtlich";"1";"2019-10-31";"2023-01-18";"23595";"Soziales/Kindertagesstätten/Kindertagesstätten freie Wohlfahrtsverbände";"369741";"5705850";"2023-10-17"
"302259";"AWO Kindertageseinrichtung Am Trappen";"Am Trappen 17 a";"44879 Bochum";"Kindertagesstätten freie Wohlfahrtsverbände";"Soziales";"Dependance des Familienzentrums Dr.-C.-Otto-Straße 172.";"www.awo-ruhr-mitte.de/kinder-jugend-familie/kindertagesstaetten";"3";"Örtlich";"1";"2016-11-03";"2023-09-06";"23595";"Soziales/Kindertagesstätten/Kindertagesstätten freie Wohlfahrtsverbände";"371087";"5698745";"2023-10-17"
"300945";"Kindertageseinrichtung Am Leithenhaus";"Hauptstr. 155";"44892 Bochum";"Sonstige Kindertagesstätten";"Soziales";"";"www.kitaportal-bochum.de/profil/92";"3";"Örtlich";"1";"2016-09-09";"2018-11-09";"23587";"Soziales/Kindertagesstätten/Sonstige Kindertagesstätten";"383700";"5704076";"2023-10-17"
"300939";"Elterninitiative Ideenreich";"Bessemerstr. 30";"44793 Bochum";"Kitas von Vereinen und Elterninitiativen";"Soziales";"";"www.ideenreich-bochum.de";"3";"Örtlich";"1";"2016-09-19";"2016-09-19";"301160";"Soziales/Kindertagesstätten/Kitas von Vereinen und Elterninitiativen";"375338";"5704339";"2023-10-17"
"299614";"Familienzentrum Jüdischer Kindergarten Sternenhügel";"Castroper Str. 51";"44791 Bochum";"Sonstige Kindertagesstätten";"Soziales";"";"www.jg-bochum.de/kindergarten.html";"3";"Örtlich";"1";"2016-09-01";"2023-08-29";"23587";"Soziales/Kindertagesstätten/Sonstige Kindertagesstätten";"376860";"5705251";"2023-10-17"
"299612";"Kath. Kindertageseinrichtung St.Nikolaus II";"Isenbrockstr. 9";"44867 Bochum";"Kath. Kindertagesstätten";"Soziales";"";"www.kitaportal-bochum.de/profil/103";"3";"Örtlich";"1";"2016-09-01";"2017-09-19";"23585";"Soziales/Kindertagesstätten/Kath. Kindertagesstätten";"370553";"5703618";"2023-10-17"
"299097";"Outlaw Kita und Familienzentrum Günnigfelder Straße";"Günnigfelder Str. 28 a";"44866 Bochum";"Sonstige Kindertagesstätten";"Soziales";"";"https://www.outlaw-ggmbh.de/einrichtung/kita-und-familienzentrum-guennigfelder-strasse-bochum";"3";"Örtlich";"1";"2016-07-18";"2023-08-31";"23587";"Soziales/Kindertagesstätten/Sonstige Kindertagesstätten";"371062";"5706352";"2023-10-17"
"276015";"OUTLAW Kita Dr.-C-Otto-Straße";"Dr.-C.-Otto-Str. 73";"44879 Bochum";"Kindertagesstätten freie Wohlfahrtsverbände";"Soziales";"";"https://www.outlaw-ggmbh.de/einrichtung/kita-dr-c-otto-strasse-bochum";"3";"Örtlich";"1";"2015-05-19";"2023-08-31";"23595";"Soziales/Kindertagesstätten/Kindertagesstätten freie Wohlfahrtsverbände";"371413";"5698666";"2023-10-17"
"275984";"Ev. freik. Kindertageseinrichtung der Immanuelskirche Bunte Arche";"Hofsteder Str. 129";"44809 Bochum";"Sonstige Kindertagesstätten";"Soziales";"";"www.bunte-arche-bochum.de";"3";"Örtlich";"1";"2015-05-18";"2023-01-18";"23587";"Soziales/Kindertagesstätten/Sonstige Kindertagesstätten";"375469";"5706518";"2023-10-17"
"253402";"AWO Kindertageseinrichtung Hustadtring";"Hustadtring 144";"44801 Bochum";"Kindertagesstätten freie Wohlfahrtsverbände";"Soziales";"";"www.awo-ruhr-mitte.de/kinder-jugend-familie";"3";"Örtlich";"1";"2014-10-20";"2023-01-19";"23595";"Soziales/Kindertagesstätten/Kindertagesstätten freie Wohlfahrtsverbände";"378817";"5701206";"2023-10-17"
"253396";"AWO Kindertageseinrichtung / Familienzentrum Braunsberger Straße";"Braunsberger Str. 33";"44809 Bochum";"Kindertagesstätten freie Wohlfahrtsverbände";"Soziales";"";"www.awo-ruhr-mitte.de/kinder-jugend-familie/kindertagesstaetten";"3";"Örtlich";"1";"2014-10-20";"2023-08-30";"23595";"Soziales/Kindertagesstätten/Kindertagesstätten freie Wohlfahrtsverbände";"374218";"5707327";"2023-10-17"
"253380";"Ev. Kindertageseinrichtung Oberlin";"Deutsches Reich 11";"44894 Bochum";"Ev. Kindertagesstätten";"Soziales";"";"www.kirchenkreis-bochum.de/kinder/einrichungen/bo-ost/kindertageseinrichtung-oberlin-kita.html";"3";"Örtlich";"1";"2014-10-17";"2023-01-19";"23584";"Soziales/Kindertagesstätten/Ev. Kindertagesstätten";"382387";"5705955";"2023-10-17"
"253377";"Outlaw Betriebs-Großkindertagespflege Eickhoff-Küken";"Am Eickhoffpark 7";"44789 Bochum";"Betriebskindertagesstätten";"Soziales";"";"www.outlaw-ggmbh.de/einrichtung/betriebs-grosskindertagespflege-eickhoff-kueken";"3";"Örtlich";"1";"2014-10-17";"2023-09-04";"205407";"Soziales/Kindertagesstätten/Betriebskindertagesstätten";"376296";"5702466";"2023-10-17"
"253377";"Outlaw Betriebs-Großkindertagespflege Eickhoff-Küken";"Am Eickhoffpark 7";"44789 Bochum";"Kindertagesstätten freie Wohlfahrtsverbände";"Soziales";"";"www.outlaw-ggmbh.de/einrichtung/betriebs-grosskindertagespflege-eickhoff-kueken";"3";"Örtlich";"0";"2014-10-17";"2023-09-04";"23595";"Soziales/Kindertagesstätten/Kindertagesstätten freie Wohlfahrtsverbände";"376296";"5702466";"2023-10-17"
"253242";"Kindertageseinrichtung Lütjeland e.V.";"Lothringer Str. 19 a";"44805 Bochum";"Kitas von Vereinen und Elterninitiativen";"Soziales";"";"www.kinderhaus-lothringen.de";"3";"Örtlich";"1";"2016-09-19";"2016-09-19";"301160";"Soziales/Kindertagesstätten/Kitas von Vereinen und Elterninitiativen";"380570";"5709062";"2023-10-17"
"248256";"AWO Kindertageseinrichtung Isenbrockstraße";"Isenbrockstr. 9";"44867 Bochum";"Kindertagesstätten freie Wohlfahrtsverbände";"Soziales";"";"www.awo-ruhr-mitte.de/kinder-jugend-familie";"3";"Örtlich";"1";"2014-09-24";"2023-01-18";"23595";"Soziales/Kindertagesstätten/Kindertagesstätten freie Wohlfahrtsverbände";"370550";"5703629";"2023-10-17"
"236434";"Kindertageseinrichtung Freche Kröten e.V.";"Rehwinkel 2 a";"44892 Bochum";"Kitas von Vereinen und Elterninitiativen";"Soziales";"";"frechekroeten.de";"3";"Örtlich";"1";"2016-09-19";"2016-09-19";"301160";"Soziales/Kindertagesstätten/Kitas von Vereinen und Elterninitiativen";"382391";"5703029";"2023-10-17"
"236380";"AWO Kindertageseinrichtung Kortebuschstraße";"Kortebuschstr. 3";"44805 Bochum";"Kindertagesstätten freie Wohlfahrtsverbände";"Soziales";"";"www.awo-ruhr-mitte.de/kinder-jugend-familie/kindertagesstaetten";"3";"Örtlich";"1";"2013-08-20";"2023-01-19";"23595";"Soziales/Kindertagesstätten/Kindertagesstätten freie Wohlfahrtsverbände";"380541";"5706950";"2023-10-17"
"203161";"AWO Kindertageseinrichtung Am Dornbusch";"Am Dornbusch 2 a";"44803 Bochum";"Kindertagesstätten freie Wohlfahrtsverbände";"Soziales";"";"www.awo-ruhr-mitte.de/kinder-jugend-familie/kindertagesstaetten";"3";"Örtlich";"1";"2012-09-13";"2021-04-01";"23595";"Soziales/Kindertagesstätten/Kindertagesstätten freie Wohlfahrtsverbände";"377553";"5703596";"2023-10-17"
"179667";"AKAFÖ UniKids, Kindertageseinrichtung an der RUB";"Universitätsstr. 150";"44801 Bochum";"Sonstige Kindertagesstätten";"Soziales";"";"www.akafoe.de/kinder";"3";"Örtlich";"1";"2016-08-31";"2023-02-09";"23587";"Soziales/Kindertagesstätten/Sonstige Kindertagesstätten";"379194";"5700397";"2023-10-17"
"179665";"Kindertageseinrichtung Krabbelstube Killekak!";"Kemnader Str. 399";"44797 Bochum";"Kitas von Vereinen und Elterninitiativen";"Soziales";"";"www.killekak.de";"3";"Örtlich";"1";"2016-09-19";"2016-09-19";"301160";"Soziales/Kindertagesstätten/Kitas von Vereinen und Elterninitiativen";"378003";"5698429";"2023-10-17"
"179658";"Schulkinderhaus Rudolf-Steiner e.V.";"Hauptstr. 236";"44892 Bochum";"Waldorf Kindertagesstätten";"Soziales";"";"www.schulkinderhaus-bochum.de";"3";"Örtlich";"1";"2012-12-04";"2012-12-04";"205419";"Soziales/Kindertagesstätten/Waldorf Kindertagesstätten";"383446";"5703404";"2023-10-17"
"179595";"Kindertageseinrichtung Hoppetosse";"Baroper Str. 41";"44892 Bochum";"Kitas von Vereinen und Elterninitiativen";"Soziales";"Verein zur Förderung der Kindererziehung e.V.";"www.kitahoppetosse.de";"3";"Örtlich";"1";"2016-09-19";"2023-09-06";"301160";"Soziales/Kindertagesstätten/Kitas von Vereinen und Elterninitiativen";"382402";"5702505";"2023-10-17"
"179508";"Kindertageseinrichtung Kinderhaus Eulenbaum";"Alte Wittener Str. 18";"44803 Bochum";"Kitas von Vereinen und Elterninitiativen";"Soziales";"Verein für Sozialstation der Kinder e.V.";"www.kinderhaus-eulenbaum.de";"3";"Örtlich";"1";"2016-09-19";"2023-09-06";"301160";"Soziales/Kindertagesstätten/Kitas von Vereinen und Elterninitiativen";"379720";"5703515";"2023-10-17"
"178946";"Waldorfkindergarten Wattenscheid / Freizeitschule WAT e.V.";"Reiterweg 13";"44869 Bochum";"Waldorf Kindertagesstätten";"Soziales";"";"www.widarschule.de/wp-content/uploads/2008/11/kindergarten.pdf";"3";"Örtlich";"1";"2012-12-03";"2023-01-18";"205419";"Soziales/Kindertagesstätten/Waldorf Kindertagesstätten";"372260";"5702387";"2023-10-17"
"178864";"AWO Kindertageseinrichtung / Familienzentrum Josephinenstraße";"Josephinenstr. 238";"44807 Bochum";"Kindertagesstätten freie Wohlfahrtsverbände";"Soziales";"";"www.awo-ruhr-mitte.de/kinder-jugend-familie/kindertagesstaetten";"3";"Örtlich";"1";"2011-08-15";"2023-01-19";"23595";"Soziales/Kindertagesstätten/Kindertagesstätten freie Wohlfahrtsverbände";"378412";"5706361";"2023-10-17"
"176207";"Waldorfkinderhaus Bochum-Zentrum e.V.";"Hedwigstr. 25";"44809 Bochum";"Waldorf Kindertagesstätten";"Soziales";"";"www.waldorfkinderhaus-bochum.de";"3";"Örtlich";"1";"2012-12-03";"2012-12-03";"205419";"Soziales/Kindertagesstätten/Waldorf Kindertagesstätten";"375432";"5706016";"2023-10-17"
"176200";"Integrative Kindergemeinschaft e.V.";"Wasserstr. 46 a";"44803 Bochum";"Kitas von Vereinen und Elterninitiativen";"Soziales";"";"www.integrative-kindergemeinschaft.de";"3";"Örtlich";"1";"2016-09-19";"2016-09-19";"301160";"Soziales/Kindertagesstätten/Kitas von Vereinen und Elterninitiativen";"377895";"5703368";"2023-10-17"
"176198";"Caritas-Kindertageseinrichtung St. Rafael";"Bonhoefferstr. 50";"44803 Bochum";"Kindertagesstätten freie Wohlfahrtsverbände";"Soziales";"";"www.caritas-bochum.de/79150.html";"3";"Örtlich";"1";"2011-07-21";"2018-11-13";"23595";"Soziales/Kindertagesstätten/Kindertagesstätten freie Wohlfahrtsverbände";"378147";"5704758";"2023-10-17"
"176196";"Kindertageseinrichtung Villa Kunterbunt";"Wittener Str. 140";"44803 Bochum";"Kitas von Vereinen und Elterninitiativen";"Soziales";"Elterninitiative Bochum-Mitte e.V.";"www.villakunterbunt-bochum.de";"3";"Örtlich";"1";"2016-09-19";"2023-09-06";"301160";"Soziales/Kindertagesstätten/Kitas von Vereinen und Elterninitiativen";"377643";"5704039";"2023-10-17"
"175430";"Kindertageseinrichtung Mirabilis e.V";"Am Hülsenbusch 54 a";"44803 Bochum";"Kitas von Vereinen und Elterninitiativen";"Soziales";"";"www.kita-mirabilis.de";"3";"Örtlich";"1";"2016-09-19";"2016-09-19";"301160";"Soziales/Kindertagesstätten/Kitas von Vereinen und Elterninitiativen";"377648";"5703324";"2023-10-17"
"175402";"AWO Betriebskindertageseinrichtung Knappschaft Bahn See";"Knappschaftstr. 2";"44799 Bochum";"Betriebskindertagesstätten";"Soziales";"";"www.awo-ruhr-mitte.de/kinder-jugend-familie/kindertagesstaetten";"3";"Örtlich";"1";"2012-12-03";"2021-03-30";"205407";"Soziales/Kindertagesstätten/Betriebskindertagesstätten";"376838";"5702213";"2023-10-17"
"174948";"Ev. Kindertageseinrichtung Tabor";"Prinz-Regent-Str. 55";"44799 Bochum";"Ev. Kindertagesstätten";"Soziales";"";"www.kitaportal-bochum.de/profil/144";"3";"Örtlich";"1";"2011-05-31";"2018-10-31";"23584";"Soziales/Kindertagesstätten/Ev. Kindertagesstätten";"376201";"5701387";"2023-10-17"
"23166";"Kath. Kindertageseinrichtung / Familienzentrum St. Joseph";"Im Hagenacker 4";"44805 Bochum";"Kath. Kindertagesstätten";"Soziales";"";"www.kitaportal-bochum.de/profil/130";"3";"Örtlich";"1";"2009-07-18";"2023-08-29";"23585";"Soziales/Kindertagesstätten/Kath. Kindertagesstätten";"378749";"5708458";"2023-10-17"
"23165";"Kath. Kindertageseinrichtung Heilig Geist 1";"Monikastr. 16";"44805 Bochum";"Kath. Kindertagesstätten";"Soziales";"";"www.kitaportal-bochum.de/profil/133";"3";"Örtlich";"1";"2009-07-18";"2023-01-19";"23585";"Soziales/Kindertagesstätten/Kath. Kindertagesstätten";"380073";"5706833";"2023-10-17"
"23163";"Kath. Kindertageseinrichtung St. Theresia";"Holzstr. 12";"44869 Bochum";"Kath. Kindertagesstätten";"Soziales";"";"www.sankt-theresia.de";"3";"Örtlich";"1";"2009-07-18";"2023-01-18";"23585";"Soziales/Kindertagesstätten/Kath. Kindertagesstätten";"373198";"5702008";"2023-10-17"
"23162";"Ev. Kindertageseinrichtung / Familienzentrum Pastor Viertmann";"Preins Feld 6";"44869 Bochum";"Ev. Kindertagesstätten";"Soziales";"";"www.kitaportal-bochum.de";"3";"Örtlich";"1";"2009-07-18";"2023-01-18";"23584";"Soziales/Kindertagesstätten/Ev. Kindertagesstätten";"371024";"5701879";"2023-10-17"
"23161";"Caritas-Kindertageseinrichtung Familienzentrum SPEM";"Emilstr. 44";"44869 Bochum";"Kindertagesstätten freie Wohlfahrtsverbände";"Soziales";"";"www.kindergarten-spem.de";"3";"Örtlich";"1";"2009-07-18";"2023-08-31";"23595";"Soziales/Kindertagesstätten/Kindertagesstätten freie Wohlfahrtsverbände";"372178";"5702884";"2023-10-17"
"23161";"Caritas-Kindertageseinrichtung Familienzentrum SPEM";"Emilstr. 44";"44869 Bochum";"Heilpädagogische Tagesstätten";"Soziales";"";"www.kindergarten-spem.de";"3";"Örtlich";"0";"2009-07-18";"2023-08-31";"205410";"Soziales/Kindertagesstätten/Heilpädagogische Tagesstätten";"372178";"5702884";"2023-10-17"
"23160";"Ev. Kindertageseinrichtung Bethanien (Lothringer Straße)";"Lothringer Str. 25";"44805 Bochum";"Ev. Kindertagesstätten";"Soziales";"";"www.kita-bethanien.de/index.php?id=2";"3";"Örtlich";"1";"2009-07-18";"2020-05-20";"23584";"Soziales/Kindertagesstätten/Ev. Kindertagesstätten";"380639";"5709036";"2023-10-17"
"23158";"Kath. Familienzentrum St. Anna";"Goldhammer Str. 14 a";"44793 Bochum";"Kath. Kindertagesstätten";"Soziales";"";"www.familienzentrum-stanna.de/index.php?article_id=5";"3";"Örtlich";"1";"2009-07-18";"2019-02-05";"23585";"Soziales/Kindertagesstätten/Kath. Kindertagesstätten";"374248";"5704486";"2023-10-17"
"23157";"Ev. Kindertageseinrichtung Cheruskerstraße";"Cheruskerstr. 1";"44793 Bochum";"Ev. Kindertagesstätten";"Soziales";"";"www.kitaportal-bochum.de/profil/138";"3";"Örtlich";"1";"2009-07-18";"2023-01-18";"23584";"Soziales/Kindertagesstätten/Ev. Kindertagesstätten";"374176";"5704776";"2023-10-17"
"23155";"Kath. Kindertageseinrichtung St. Meinolphus";"Meinolphusstr. 7";"44789 Bochum";"Kath. Kindertagesstätten";"Soziales";"";"www.kita-zweckverband.de/kita-suche/bochum.html";"3";"Örtlich";"1";"2009-07-18";"2018-10-31";"23585";"Soziales/Kindertagesstätten/Kath. Kindertagesstätten";"376065";"5703861";"2023-10-17"
"23154";"AWO Kindertageseinrichtung/ Familienzentrum Gahlensche Straße";"Gahlensche Str. 180";"44809 Bochum";"Kindertagesstätten freie Wohlfahrtsverbände";"Soziales";"";"www.awo-ruhr-mitte.de/kinder-jugend-familie/kindertagesstaetten";"3";"Örtlich";"1";"2009-07-18";"2023-01-18";"23595";"Soziales/Kindertagesstätten/Kindertagesstätten freie Wohlfahrtsverbände";"374286";"5706116";"2023-10-17"
"23153";"Caritas-Kindertageseinrichtung / Familienzentrum St. Viktoria";"Nibelungenstr. 6";"44793 Bochum";"Kindertagesstätten freie Wohlfahrtsverbände";"Soziales";"";"www.caritas-bochum.de/hilfe-und-beratung/kinder-und-jugendliche/kindertageseinrichtungen/kindergarten-familienzentrum-st.-viktoria";"3";"Örtlich";"1";"2009-07-17";"2023-08-29";"23595";"Soziales/Kindertagesstätten/Kindertagesstätten freie Wohlfahrtsverbände";"375770";"5704594";"2023-10-17"
"23152";"AWO Kindertageseinrichtung / Familienzentrum Hermannstraße";"Hermannstr. 25";"44791 Bochum";"Kindertagesstätten freie Wohlfahrtsverbände";"Soziales";"";"www.awo-ruhr-mitte.de/kinder-jugend-familie/kindertagesstaetten";"3";"Örtlich";"1";"2009-07-18";"2023-01-18";"23595";"Soziales/Kindertagesstätten/Kindertagesstätten freie Wohlfahrtsverbände";"375834";"5705840";"2023-10-17"
"23151";"Kath.Kindertageseinrichtung / Familienzentrum Herz-Jesus-Hamme";"Dorstener Str. 187 c";"44809 Bochum";"Kath. Kindertagesstätten";"Soziales";"";"www.kita-herz-jesu-bochum-hamme.de";"3";"Örtlich";"1";"2009-07-18";"2023-08-29";"23585";"Soziales/Kindertagesstätten/Kath. Kindertagesstätten";"374587";"5706080";"2023-10-17"
"23150";"Kindertageseinrichtung Gänseblume e.V.";"Herner Str. 75 - 77";"44791 Bochum";"Kitas von Vereinen und Elterninitiativen";"Soziales";"";"www.kitaportal-bochum.de";"3";"Örtlich";"1";"2016-09-19";"2016-09-19";"301160";"Soziales/Kindertagesstätten/Kitas von Vereinen und Elterninitiativen";"375955";"5705871";"2023-10-17"
"23149";"Ev. Kindertageseinrichtung Emilstraße";"Emilstr. 6";"44869 Bochum";"Ev. Kindertagesstätten";"Soziales";"";"www.kitaportal-bochum.de";"3";"Örtlich";"1";"2009-07-18";"2023-01-18";"23584";"Soziales/Kindertagesstätten/Ev. Kindertagesstätten";"371840";"5703003";"2023-10-17"
"23148";"Kath. Kindertageseinrichtung St. Johannes";"Kemnastr. 14";"44866 Bochum";"Kath. Kindertagesstätten";"Soziales";"";"www.kita-st-johannes-bochum-leithe.de/impressum.php";"3";"Örtlich";"1";"2009-07-18";"2023-01-18";"23585";"Soziales/Kindertagesstätten/Kath. Kindertagesstätten";"368768";"5704887";"2023-10-17"
"23147";"Evangelisches Familienzentrum ""Unterm Regenbogen""";"Gelsenkirchener Str. 1";"44866 Bochum";"Ev. Kindertagesstätten";"Soziales";"";"www.kitaportal-bochum.de/profil/81";"3";"Örtlich";"1";"2009-07-18";"2023-04-13";"23584";"Soziales/Kindertagesstätten/Ev. Kindertagesstätten";"368964";"5705059";"2023-10-17"
"23146";"Kath. Kindertageseinrichtung / Familienzentrum Herz Mariä";"Schmiedestr. 29";"44866 Bochum";"Kath. Kindertagesstätten";"Soziales";"";"www.familienzentrum-wattenscheid.de/index.php?article_id=8";"3";"Örtlich";"1";"2009-07-18";"2023-01-18";"23585";"Soziales/Kindertagesstätten/Kath. Kindertagesstätten";"371625";"5706605";"2023-10-17"
"23144";"Kath. Kindertageseinrichtung St. Joseph";"Geitlingstr. 7";"44866 Bochum";"Kath. Kindertagesstätten";"Soziales";"";"www.kitaportal-bochum.de/profil/108";"3";"Örtlich";"1";"2009-07-18";"2023-01-18";"23585";"Soziales/Kindertagesstätten/Kath. Kindertagesstätten";"371841";"5704818";"2023-10-17"
"23138";"IFAK Kindertageseinrichtung Engelsburg";"Engelsburger Str. 168";"44793 Bochum";"Kindertagesstätten freie Wohlfahrtsverbände";"Soziales";"";"ifak-bochum.de/fachbereich-fruehkindliche-bildung/interkulturelles-familienzentrum";"3";"Örtlich";"1";"2009-07-18";"2023-01-18";"23595";"Soziales/Kindertagesstätten/Kindertagesstätten freie Wohlfahrtsverbände";"373670";"5703839";"2023-10-17"
"23137";"Kindertageseinrichtung Purzelbaum e.V.";"Immenweg 19";"44799 Bochum";"Kitas von Vereinen und Elterninitiativen";"Soziales";"";"www.kitaportal-bochum.de/profil/60";"3";"Örtlich";"1";"2016-09-19";"2023-01-18";"301160";"Soziales/Kindertagesstätten/Kitas von Vereinen und Elterninitiativen";"376416";"5700686";"2023-10-17"
"23136";"Caritas-Kindertageseinrichtung Vierzehnheiligen";"Erlenstr. 43";"44795 Bochum";"Kindertagesstätten freie Wohlfahrtsverbände";"Soziales";"";"www.caritas-bochum.de/77529.html";"3";"Örtlich";"1";"2011-05-25";"2023-01-18";"23595";"Soziales/Kindertagesstätten/Kindertagesstätten freie Wohlfahrtsverbände";"375241";"5702695";"2023-10-17"
"23134";"Kath. Kindertageseinrichtung / Familienzentrum St. Johannes";"Brenscheder Str. 43 c";"44799 Bochum";"Kath. Kindertagesstätten";"Soziales";"";"www.kita-zweckverband.de/kita-suche/bochum.html";"3";"Örtlich";"1";"2009-07-18";"2020-05-25";"23585";"Soziales/Kindertagesstätten/Kath. Kindertagesstätten";"377201";"5701601";"2023-10-17"
"23133";"Kindertageeinrichtung Kinderladen";"Prinz-Regent-Str. 47";"44799 Bochum";"Kitas von Vereinen und Elterninitiativen";"Soziales";"Verein für Kindererziehung e.V.";"www.kita-kinderladen.de";"3";"Örtlich";"1";"2016-09-19";"2023-09-06";"301160";"Soziales/Kindertagesstätten/Kitas von Vereinen und Elterninitiativen";"376321";"5701462";"2023-10-17"
"23132";"Kindertageseinrichtung Regenbogenland";"Am Eickhoffpark 7";"44789 Bochum";"Kitas von Vereinen und Elterninitiativen";"Soziales";"";"www.kitaportal-bochum.de/profil/63";"3";"Örtlich";"1";"2016-09-19";"2023-01-18";"301160";"Soziales/Kindertagesstätten/Kitas von Vereinen und Elterninitiativen";"376299";"5702542";"2023-10-17"
"23127";"Kindertageeinrichtung des SKFM St. Pius";"Stresemannstr. 11";"44866 Bochum";"Kindertagesstätten freie Wohlfahrtsverbände";"Soziales";"";"www.kiga-stpius-wat.com/";"3";"Örtlich";"1";"2019-10-31";"2023-04-13";"23595";"Soziales/Kindertagesstätten/Kindertagesstätten freie Wohlfahrtsverbände";"370687";"5705438";"2023-10-17"
"23126";"AWO Kindertageseinrichtung / Familienzentrum Bußmanns Weg";"Bußmanns Weg 16";"44866 Bochum";"Kindertagesstätten freie Wohlfahrtsverbände";"Soziales";"";"www.awo-ruhr-mitte.de/kinder-jugend-familie/kindertagesstaetten";"3";"Örtlich";"1";"2009-07-18";"2023-01-18";"23595";"Soziales/Kindertagesstätten/Kindertagesstätten freie Wohlfahrtsverbände";"370892";"5704341";"2023-10-17"
"23125";"Kath. Kindertageseinrichtung St. Swidbert";"Heribertistr. 34";"44866 Bochum";"Kath. Kindertagesstätten";"Soziales";"";"www.kitaportal-bochum.de/profil/111";"3";"Örtlich";"1";"2009-07-18";"2023-01-18";"23585";"Soziales/Kindertagesstätten/Kath. Kindertagesstätten";"371088";"5704698";"2023-10-17"
"23123";"Kath. Kindertageseinrichtung St. Nikolaus von Flüe";"Poststr. 198";"44809 Bochum";"Kath. Kindertagesstätten";"Soziales";"";"www.kita-zweckverband.de/kita-suche/bochum/detail/34-st-nikolaus-von-fluee.html";"3";"Örtlich";"1";"2009-07-18";"2018-10-31";"23585";"Soziales/Kindertagesstätten/Kath. Kindertagesstätten";"374392";"5707273";"2023-10-17"
"23122";"Städt. Kindertageseinrichtung Herzogstraße";"Herzogstr. 75 a";"44809 Bochum";"Kommunale Kindertagesstätten";"Soziales";"";"www.kitaportal-bochum.de/profil/15";"3";"Örtlich";"1";"2009-07-18";"2023-01-18";"23583";"Soziales/Kindertagesstätten/Kommunale Kindertagesstätten";"374908";"5708150";"2023-10-17"
"23120";"Kindertageseinrichtung Mäuseburg";"Blumenfeldstr. 74";"44795 Bochum";"Kitas von Vereinen und Elterninitiativen";"Soziales";"";"www.kita-maeuseburg.de";"3";"Örtlich";"1";"2016-09-19";"2016-09-19";"301160";"Soziales/Kindertagesstätten/Kitas von Vereinen und Elterninitiativen";"373562";"5701412";"2023-10-17"
"23115";"Kindervilla Pfiffikus/ Ev. Kindertageseinrichtung /Familienzentrum";"Halbachstr. 7";"44793 Bochum";"Ev. Kindertagesstätten";"Soziales";"";"www.kindervilla-pfiffikus.de";"3";"Örtlich";"1";"2009-07-17";"2016-09-05";"23584";"Soziales/Kindertagesstätten/Ev. Kindertagesstätten";"375111";"5704324";"2023-10-17"
"23114";"Ev. Kindertageseinrichtung Sonnenschein";"Teylestr. 16";"44791 Bochum";"Ev. Kindertagesstätten";"Soziales";"";"www.kitaportal-bochum.de/profil/175";"3";"Örtlich";"1";"2016-09-02";"2023-01-19";"23584";"Soziales/Kindertagesstätten/Ev. Kindertagesstätten";"377133";"5705708";"2023-10-17"
"23113";"Kath. Kindertageseinrichtung Propstei St. Peter und Paul";"Bleichstr. 10 a";"44787 Bochum";"Kath. Kindertagesstätten";"Soziales";"";"www.kita-zweckverband.de/kita-suche/bochum.html";"3";"Örtlich";"1";"2009-07-18";"2018-10-31";"23585";"Soziales/Kindertagesstätten/Kath. Kindertagesstätten";"376547";"5704878";"2023-10-17"
"23112";"Kath. Kindertageeinrichtung St. Joseph Stühmeyerstraße";"Stühmeyerstr. 45 b";"44787 Bochum";"Kath. Kindertagesstätten";"Soziales";"";"www.kita-zweckverband.de/kita-suche/bochum.html";"3";"Örtlich";"1";"2009-07-18";"2023-01-18";"23585";"Soziales/Kindertagesstätten/Kath. Kindertagesstätten";"375896";"5705208";"2023-10-17"
"23106";"Kindertageseinrichtung / Familienzentrum Minimum e.V.";"Kortumstr. 146";"44787 Bochum";"Kitas von Vereinen und Elterninitiativen";"Soziales";"";"www.kitaminimum.de";"3";"Örtlich";"1";"2011-08-15";"2023-01-18";"301160";"Soziales/Kindertagesstätten/Kitas von Vereinen und Elterninitiativen";"376410";"5705296";"2023-10-17"
"23063";"Ev. Kindertageseinrichtung Starke Mäuse";"Kemnader Str. 307";"44797 Bochum";"Ev. Kindertagesstätten";"Soziales";"";"www.kitaportal-bochum.de/profil/148";"3";"Örtlich";"1";"2009-07-18";"2018-10-31";"23584";"Soziales/Kindertagesstätten/Ev. Kindertagesstätten";"377742";"5698990";"2023-10-17"
"23005";"Städt. Kindertageseinrichtung Hevener Straße";"Hevener Str. 17";"44797 Bochum";"Kommunale Kindertagesstätten";"Soziales";"";"www.kitaportal-bochum.de/profil/18";"3";"Örtlich";"1";"2009-07-18";"2018-10-31";"23583";"Soziales/Kindertagesstätten/Kommunale Kindertagesstätten";"378386";"5699086";"2023-10-17"
"23003";"AWO Kindertageseinrichtung / Familienzentrum Dr.-C.-Otto-Straße";"Dr.-C.-Otto-Str. 172";"44879 Bochum";"Kindertagesstätten freie Wohlfahrtsverbände";"Soziales";"";"www.awo-ruhr-mitte.de/kinder-jugend-familie/kindertagesstaetten";"3";"Örtlich";"1";"2009-07-19";"2023-01-18";"23595";"Soziales/Kindertagesstätten/Kindertagesstätten freie Wohlfahrtsverbände";"370587";"5699257";"2023-10-17"
"23002";"Ev. Kindertageseinrichtung / Familienzentrum KinderReich Stiepel";"Im Haarmannsbusch 2";"44797 Bochum";"Ev. Kindertagesstätten";"Soziales";"";"www.kitaportal-bochum.de/profil/147";"3";"Örtlich";"1";"2009-07-18";"2023-08-29";"23584";"Soziales/Kindertagesstätten/Ev. Kindertagesstätten";"376676";"5699848";"2023-10-17"
"22993";"Kath. Kindertageseinrichtung St. Engelbert";"Hasenwinkeler Str. 167 a";"44879 Bochum";"Kath. Kindertagesstätten";"Soziales";"";"www.st-engelbert-bochum.de";"3";"Örtlich";"1";"2009-07-19";"2018-10-31";"23585";"Soziales/Kindertagesstätten/Kath. Kindertagesstätten";"371938";"5700110";"2023-10-17"
"22992";"Ev. Kindertageseinrichtung Gaußstraße";"Gaußstr. 16";"44879 Bochum";"Ev. Kindertagesstätten";"Soziales";"";"www.kitaportal-bochum.de/profil/164";"3";"Örtlich";"1";"2009-07-19";"2020-09-01";"23584";"Soziales/Kindertagesstätten/Ev. Kindertagesstätten";"371795";"5699941";"2023-10-17"
"22990";"Caritas-Kindertageseinrichtung St. Benedikt";"Kolkmannskamp 6";"44879 Bochum";"Kindertagesstätten freie Wohlfahrtsverbände";"Soziales";"";"www.caritas-bochum.de/77530.html";"3";"Örtlich";"1";"2009-07-19";"2023-01-18";"23595";"Soziales/Kindertagesstätten/Kindertagesstätten freie Wohlfahrtsverbände";"372484";"5698380";"2023-10-17"
"22989";"Ev. Kindertageseinrichtung Lindener Straße";"Lindener Str. 138";"44879 Bochum";"Ev. Kindertagesstätten";"Soziales";"";"lindener-zwerge.de";"3";"Örtlich";"1";"2009-07-19";"2023-01-18";"23584";"Soziales/Kindertagesstätten/Ev. Kindertagesstätten";"372371";"5698782";"2023-10-17"
"22988";"Ev. Kindertageseinrichtung/ Familienzentrum Trinitatis";"Herner Str. 332";"44807 Bochum";"Ev. Kindertagesstätten";"Soziales";"";"www.ev-trinitatis-kindertageseinrichtung-bochum.de";"3";"Örtlich";"1";"2009-07-18";"2023-08-29";"23584";"Soziales/Kindertagesstätten/Ev. Kindertagesstätten";"375963";"5707777";"2023-10-17"
"22664";"Kath. Kindertageseinrichtung St. Liborius";"An der Kaiseraue 8";"44807 Bochum";"Kath. Kindertagesstätten";"Soziales";"";"www.kita-zweckverband.de/kita-suche/bochum/detail/5-st-liborius.html";"3";"Örtlich";"1";"2009-07-18";"2023-04-13";"23585";"Soziales/Kindertagesstätten/Kath. Kindertagesstätten";"377318";"5706772";"2023-10-17"
"22659";"Kindertageseinrichtung Kinderstübchen e.V.";"Baumhofstr. 54";"44799 Bochum";"Kitas von Vereinen und Elterninitiativen";"Soziales";"";"www.kinderstuebchen-bochum.de";"3";"Örtlich";"1";"2016-09-19";"2021-03-30";"301160";"Soziales/Kindertagesstätten/Kitas von Vereinen und Elterninitiativen";"377015";"5700260";"2023-10-17"
"22574";"AKAFÖ Kindertageseinrichtung / Familienzentrum Lennershof";"Am Hochschulcampus 2";"44801 Bochum";"Sonstige Kindertagesstätten";"Soziales";"";"www.akafoe.de/kinder";"3";"Örtlich";"1";"2011-08-23";"2023-01-19";"23587";"Soziales/Kindertagesstätten/Sonstige Kindertagesstätten";"379824";"5701083";"2023-10-17"
"22573";"Kindertageseinrichtung Kinderwerkstatt e.V.";"Overbergstr. 9 - 11";"44801 Bochum";"Kitas von Vereinen und Elterninitiativen";"Soziales";"";"www.kinderwerkstattev.de";"3";"Örtlich";"1";"2016-09-19";"2016-09-19";"301160";"Soziales/Kindertagesstätten/Kitas von Vereinen und Elterninitiativen";"379378";"5701337";"2023-10-17"
"22569";"Kath. Kindertageseinrichtung Heilig Kreuz";"Castroper Str. 237";"44791 Bochum";"Kath. Kindertagesstätten";"Soziales";"";"www.kita-zweckverband.de/kita-suche/bochum.html";"3";"Örtlich";"1";"2009-07-18";"2023-01-19";"23585";"Soziales/Kindertagesstätten/Kath. Kindertagesstätten";"378344";"5706154";"2023-10-17"
"22558";"Kath. Kindertageseinrichtung Herz-Jesu";"Hölterweg 2";"44894 Bochum";"Kath. Kindertagesstätten";"Soziales";"";"www.kitaportal-bochum.de";"3";"Örtlich";"1";"2009-07-18";"2023-01-19";"23585";"Soziales/Kindertagesstätten/Kath. Kindertagesstätten";"382261";"5705442";"2023-10-17"
"22556";"Kath. Kindertageseinrichung St. Marien";"Rüsselsheimer Weg 13";"44892 Bochum";"Kath. Kindertagesstätten";"Soziales";"";"www.liebfrauen-bochum.de/node/751";"3";"Örtlich";"1";"2009-07-18";"2023-01-19";"23585";"Soziales/Kindertagesstätten/Kath. Kindertagesstätten";"381892";"5703794";"2023-10-17"
"22555";"Ev. Kindertageseinrichtung Im Breien";"Im Breien 15";"44894 Bochum";"Ev. Kindertagesstätten";"Soziales";"";"www.kitaportal-bochum.de/profil/174";"3";"Örtlich";"1";"2009-07-18";"2023-01-19";"23584";"Soziales/Kindertagesstätten/Ev. Kindertagesstätten";"382713";"5705441";"2023-10-17"
"22554";"AWO Kindertageseinrichtung / Familienzentrum Kreyenfeldstraße";"Kreyenfeldstr. 88";"44894 Bochum";"Kindertagesstätten freie Wohlfahrtsverbände";"Soziales";"";"www.awo-ruhr-mitte.de/kinder-jugend-familie/kindertagesstaetten";"3";"Örtlich";"1";"2009-07-18";"2021-03-30";"23595";"Soziales/Kindertagesstätten/Kindertagesstätten freie Wohlfahrtsverbände";"382738";"5705749";"2023-10-17"
"22524";"Ev. Kindertageseinrichtung Eislebener Straße";"Eislebener Str. 3 - 5";"44892 Bochum";"Ev. Kindertagesstätten";"Soziales";"";"www.kitaportal-bochum.de/profil/168";"3";"Örtlich";"1";"2009-07-18";"2020-05-20";"23584";"Soziales/Kindertagesstätten/Ev. Kindertagesstätten";"382129";"5704052";"2023-10-17"
"22523";"Kath. Kindertageseinrichtung Fronleichnam (Claus-Groth-Straße)";"Claus-Groth-Str. 27";"44803 Bochum";"Kath. Kindertagesstätten";"Soziales";"";"www.kita-zweckverband.de/kita-suche/bochum.html";"3";"Örtlich";"1";"2009-07-18";"2023-08-30";"23585";"Soziales/Kindertagesstätten/Kath. Kindertagesstätten";"379999";"5703862";"2023-10-17"
"22521";"Ev. Kindertageseinrichtung Unterm Apfelbaum (Grimmestraße)";"Grimmestr. 4";"44803 Bochum";"Ev. Kindertagesstätten";"Soziales";"";"www.kitaportal-bochum.de";"3";"Örtlich";"1";"2009-07-18";"2023-02-09";"23584";"Soziales/Kindertagesstätten/Ev. Kindertagesstätten";"379693";"5703714";"2023-10-17"
"22520";"AWO Kindertageseinrichtung Havelstraße";"Havelstr. 12";"44791 Bochum";"Kindertagesstätten freie Wohlfahrtsverbände";"Soziales";"";"www.awo-ruhr-mitte.de/kinder-jugend-familie/kindertagesstaetten";"3";"Örtlich";"1";"2009-07-18";"2023-01-19";"23595";"Soziales/Kindertagesstätten/Kindertagesstätten freie Wohlfahrtsverbände";"379317";"5705831";"2023-10-17"
"22510";"Ev. Kindertageseinrichtung An der Malstatt";"An der Malstatt 11";"44892 Bochum";"Ev. Kindertagesstätten";"Soziales";"";"www.kitaportal-bochum.de/profil/170";"3";"Örtlich";"1";"2009-07-18";"2023-01-19";"23584";"Soziales/Kindertagesstätten/Ev. Kindertagesstätten";"383372";"5703695";"2023-10-17"
"22509";"Integrativer Waldorf-Kindergarten Bochum e.V.";"Baroper Str. 41";"44892 Bochum";"Waldorf Kindertagesstätten";"Soziales";"";"www.integrativer-waldorfkindergarten.de";"3";"Örtlich";"1";"2012-11-07";"2012-11-07";"205419";"Soziales/Kindertagesstätten/Waldorf Kindertagesstätten";"382385";"5702512";"2023-10-17"
"22485";"Kath. Kindertageseinrichtung / Familienzentrum Liebfrauen";"Liebfrauenstr. 11";"44803 Bochum";"Kath. Kindertagesstätten";"Soziales";"";"www.kitaportal-bochum.de/profil/101";"3";"Örtlich";"1";"2009-07-18";"2023-08-29";"23585";"Soziales/Kindertagesstätten/Kath. Kindertagesstätten";"378240";"5703928";"2023-10-17"
"22484";"Ev. Kindertageseinrichtung Nest für Kinder";"Stauffenberghöhe 8 d";"44803 Bochum";"Ev. Kindertagesstätten";"Soziales";"";"www.nest-fuer-kinder-bochum.de";"3";"Örtlich";"1";"2009-07-18";"2018-10-31";"23584";"Soziales/Kindertagesstätten/Ev. Kindertagesstätten";"378367";"5704706";"2023-10-17"
"22463";"Ev. Kindertageseinrichtung Laerstraße";"Laerstr. 13";"44803 Bochum";"Ev. Kindertagesstätten";"Soziales";"";"ev-kita-laerstr.jimdo.com";"3";"Örtlich";"1";"2009-07-18";"2018-10-31";"23584";"Soziales/Kindertagesstätten/Ev. Kindertagesstätten";"378433";"5703681";"2023-10-17"
"22429";"Ev. Kindertageseinrichtung St. Vinzentius";"Vinzentiusweg 15";"44805 Bochum";"Ev. Kindertagesstätten";"Soziales";"";"www.kitaportal-bochum.de/profil/155";"3";"Örtlich";"1";"2009-07-18";"2018-10-31";"23584";"Soziales/Kindertagesstätten/Ev. Kindertagesstätten";"381014";"5706708";"2023-10-17"
"22418";"Städt. Kindertageseinrichtung Brünselstraße";"Brünselstr. 70";"44807 Bochum";"Kommunale Kindertagesstätten";"Soziales";"";"www.kitaportal-bochum.de/profil/9";"3";"Örtlich";"1";"2009-07-18";"2023-01-18";"23583";"Soziales/Kindertagesstätten/Kommunale Kindertagesstätten";"376752";"5708732";"2023-10-17"
"22415";"Städt. Kindertageseinrichtung Fischerstraße";"Fischerstr. 69";"44805 Bochum";"Kommunale Kindertagesstätten";"Soziales";"";"www.kitaportal-bochum.de/profil/11";"3";"Örtlich";"1";"2009-07-18";"2023-01-19";"23583";"Soziales/Kindertagesstätten/Kommunale Kindertagesstätten";"381502";"5709429";"2023-10-17"
"22414";"Caritas-Kindertageseinrichtung St. Philipp";"Bergstr. 224";"44807 Bochum";"Kindertagesstätten freie Wohlfahrtsverbände";"Soziales";"";"www.caritas-bochum.de/77532.html";"3";"Örtlich";"1";"2009-07-18";"2018-10-31";"23595";"Soziales/Kindertagesstätten/Kindertagesstätten freie Wohlfahrtsverbände";"376792";"5706881";"2023-10-17"
"22410";"Ev. Kindertageseinrichtung Anemonenweg";"Anemonenweg 14";"44894 Bochum";"Ev. Kindertagesstätten";"Soziales";"";"www.kitaportal-bochum.de";"3";"Örtlich";"1";"2009-07-18";"2023-01-19";"23584";"Soziales/Kindertagesstätten/Ev. Kindertagesstätten";"381209";"5704845";"2023-10-17"
"22391";"AWO Kindertageseinrichtung / Familienzentrum Eulenbaumstraße";"Eulenbaumstr. 271";"44801 Bochum";"Kindertagesstätten freie Wohlfahrtsverbände";"Soziales";"";"www.awo-ruhr-mitte.de/kinder-jugend-familie/kindertagesstaetten";"3";"Örtlich";"1";"2009-07-18";"2023-08-29";"23595";"Soziales/Kindertagesstätten/Kindertagesstätten freie Wohlfahrtsverbände";"379777";"5701660";"2023-10-17"
"22386";"Städt. Kindertageseinrichtung Nörenbergskamp";"Nörenbergskamp 14";"44894 Bochum";"Kommunale Kindertagesstätten";"Soziales";"";"www.kitaportal-bochum.de/profil/8";"3";"Örtlich";"1";"2009-07-18";"2023-01-19";"23583";"Soziales/Kindertagesstätten/Kommunale Kindertagesstätten";"382523";"5706135";"2023-10-17"
"22381";"Ev. Kindertageseinrichtung An der Hiltroper Kirche";"An der Hiltroper Kirche 2 b";"44805 Bochum";"Ev. Kindertagesstätten";"Soziales";"";"www.kitaportal-bochum.de/profil/157";"3";"Örtlich";"1";"2009-07-18";"2018-10-31";"23584";"Soziales/Kindertagesstätten/Ev. Kindertagesstätten";"379248";"5708498";"2023-10-17"
"22373";"Kath.Kindertageseinrichtung / Familienzentrum St. Paulus";"Robert-Koch-Str. 33";"44801 Bochum";"Kath. Kindertagesstätten";"Soziales";"";"www.kitaportal-bochum.de/profil/115";"3";"Örtlich";"1";"2009-07-18";"2023-08-29";"23585";"Soziales/Kindertagesstätten/Kath. Kindertagesstätten";"379980";"5702082";"2023-10-17"
"22372";"Ev. Kindertageseinrichtung Birkhuhnweg";"Birkhuhnweg 4";"44892 Bochum";"Ev. Kindertagesstätten";"Soziales";"";"www.kitaportal-bochum.de/profil/171";"3";"Örtlich";"1";"2009-07-18";"2023-01-19";"23584";"Soziales/Kindertagesstätten/Ev. Kindertagesstätten";"382328";"5702679";"2023-10-17"
"22371";"Waldorf-Kindergarten e.V. (Hauptstraße)";"Hauptstr. 236";"44892 Bochum";"Waldorf Kindertagesstätten";"Soziales";"";"www.waldorfkindergarten-bochum.de";"3";"Örtlich";"1";"2012-12-03";"2012-12-03";"205419";"Soziales/Kindertagesstätten/Waldorf Kindertagesstätten";"383436";"5703405";"2023-10-17"
"22368";"Ev. Kindertageseinrichtung Thomaszentrum";"Girondelle 82 a";"44799 Bochum";"Ev. Kindertagesstätten";"Soziales";"";"www.kitaportal-bochum.de/profil/150";"3";"Örtlich";"1";"2009-07-18";"2018-10-31";"23584";"Soziales/Kindertagesstätten/Ev. Kindertagesstätten";"378215";"5701836";"2023-10-17"
"22367";"Städt. Kindertageseinrichtung Stockumer Straße";"Stockumer Str. 48";"44892 Bochum";"Kommunale Kindertagesstätten";"Soziales";"";"www.kitaportal-bochum.de/profil/10";"3";"Örtlich";"1";"2009-07-18";"2023-01-19";"23583";"Soziales/Kindertagesstätten/Kommunale Kindertagesstätten";"383999";"5703075";"2023-10-17"
"22364";"AWO Kindertageseinrichtung / Familienzentrum Haldenstraße";"Haldenstr. 75";"44809 Bochum";"Kindertagesstätten freie Wohlfahrtsverbände";"Soziales";"";"www.awo-ruhr-mitte.de/kinder_jugend_familie";"3";"Örtlich";"1";"2009-07-18";"2023-01-18";"23595";"Soziales/Kindertagesstätten/Kindertagesstätten freie Wohlfahrtsverbände";"375426";"5706052";"2023-10-17"
"22357";"Städt. Kindertageseinrichtung Akademiestraße";"Akademiestr. 48";"44789 Bochum";"Kommunale Kindertagesstätten";"Soziales";"";"www.kitaportal-bochum.de/profil/12";"3";"Örtlich";"1";"2009-07-18";"2023-01-18";"23583";"Soziales/Kindertagesstätten/Kommunale Kindertagesstätten";"377350";"5704473";"2023-10-17"
"22353";"AWO Kindertageseinrichtung / Familienzentrum Am Neggenborn";"Am Neggenborn 77";"44892 Bochum";"Kindertagesstätten freie Wohlfahrtsverbände";"Soziales";"";"www.awo-ruhr-mitte.de/kinder-jugend-familie/kindertagesstaetten";"3";"Örtlich";"1";"2009-07-18";"2023-01-19";"23595";"Soziales/Kindertagesstätten/Kindertagesstätten freie Wohlfahrtsverbände";"382268";"5703007";"2023-10-17"
"22349";"Ev. Kindertageseinrichtung Arche Noah (Alte Weststraße)";"Alte Weststr. 27";"44892 Bochum";"Ev. Kindertagesstätten";"Soziales";"";"kita-arche-noah-bochum.de";"3";"Örtlich";"1";"2009-07-18";"2023-01-19";"23584";"Soziales/Kindertagesstätten/Ev. Kindertagesstätten";"382461";"5703363";"2023-10-17"
"22347";"Ev. Kindertageseinrichtung Auf dem Backenberg/ Familienzentrum";"Auf dem Backenberg 6";"44801 Bochum";"Ev. Kindertagesstätten";"Soziales";"";"www.kitaportal-bochum.de";"3";"Örtlich";"1";"2009-07-18";"2023-08-29";"23584";"Soziales/Kindertagesstätten/Ev. Kindertagesstätten";"379788";"5701840";"2023-10-17"
"22346";"Ev. Kindertageseinrichtung Allensteiner Straße";"Allensteiner Str. 1 a";"44809 Bochum";"Ev. Kindertagesstätten";"Soziales";"";"www.kitaportal-bochum.de/profil";"3";"Örtlich";"1";"2009-07-18";"2018-10-30";"23584";"Soziales/Kindertagesstätten/Ev. Kindertagesstätten";"374149";"5707463";"2023-10-17"
"22345";"Ev. Kindertageseinrichtung KiWi-Nest";"Baumhofstr. 9";"44799 Bochum";"Ev. Kindertagesstätten";"Soziales";"";"www.kitaportal-bochum.de/profil/149";"3";"Örtlich";"1";"2009-07-18";"2018-10-30";"23584";"Soziales/Kindertagesstätten/Ev. Kindertagesstätten";"377004";"5700967";"2023-10-17"
"22344";"AWO Kindertageseinrichtung Moltkestraße";"Moltkestr. 68";"44866 Bochum";"Kindertagesstätten freie Wohlfahrtsverbände";"Soziales";"";"www.awo-ruhr-mitte.de/kinder-jugend-familie/kindertagesstaetten";"3";"Örtlich";"1";"2009-07-18";"2023-01-18";"23595";"Soziales/Kindertagesstätten/Kindertagesstätten freie Wohlfahrtsverbände";"371573";"5705807";"2023-10-17"
"22342";"Kath. Kindertageseinrichtung St. Maria Magdalena";"Vincenzstr. 13";"44869 Bochum";"Kath. Kindertagesstätten";"Soziales";"";"www.kita-st-maria-magdalena-bochum.de/";"3";"Örtlich";"1";"2009-07-18";"2023-04-13";"23585";"Soziales/Kindertagesstätten/Kath. Kindertagesstätten";"371587";"5702778";"2023-10-17"
"22341";"Kath. Kindertageseinrichtung St. Franziskus";"Auf der Markscheide 34";"44807 Bochum";"Kath. Kindertagesstätten";"Soziales";"";"www.kita-zweckverband.de/kita-suche/bochum.html";"3";"Örtlich";"1";"2009-07-18";"2019-06-07";"23585";"Soziales/Kindertagesstätten/Kath. Kindertagesstätten";"375979";"5707962";"2023-10-17"
"22340";"Kath. Kindertageseinrichtung St. Bonifatius";"Bonifatiusstr. 21 a";"44892 Bochum";"Kath. Kindertagesstätten";"Soziales";"";"www.kita-zweckverband.de/kita-suche/bochum.html";"3";"Örtlich";"1";"2009-07-18";"2023-01-19";"23585";"Soziales/Kindertagesstätten/Kath. Kindertagesstätten";"383839";"5703601";"2023-10-17"
"22339";"Kindertageseinrichtung Kinderglück e.V.";"Alter Werner Hellweg 166";"44803 Bochum";"Kitas von Vereinen und Elterninitiativen";"Soziales";"";"www.kita-kinderglueck.de";"3";"Örtlich";"1";"2016-09-19";"2016-09-19";"301160";"Soziales/Kindertagesstätten/Kitas von Vereinen und Elterninitiativen";"380490";"5704300";"2023-10-17"
"22337";"Ev. Kindertageseinrichtung Melanchthon";"Königsallee 40";"44789 Bochum";"Ev. Kindertagesstätten";"Soziales";"";"www.kitaportal-bochum.de/profil/141";"3";"Örtlich";"1";"2009-07-18";"2018-10-30";"23584";"Soziales/Kindertagesstätten/Ev. Kindertagesstätten";"376187";"5703573";"2023-10-17"
"22336";"Städt. Kindertageseinrichtung Röhlinghauser Straße";"Röhlinghauser Str. 6";"44793 Bochum";"Kommunale Kindertagesstätten";"Soziales";"";"www.kitaportal-bochum.de/profil/5";"3";"Örtlich";"1";"2011-07-14";"2023-01-18";"23583";"Soziales/Kindertagesstätten/Kommunale Kindertagesstätten";"372284";"5707428";"2023-10-17"
"22333";"Ev. Kindertageseinrichtung Hand in Hand";"Dibergstr. 59";"44789 Bochum";"Ev. Kindertagesstätten";"Soziales";"";"www.familienzentrum-handinhand.de";"3";"Örtlich";"1";"2009-07-18";"2019-06-07";"23584";"Soziales/Kindertagesstätten/Ev. Kindertagesstätten";"375601";"5703693";"2023-10-17"
"22331";"Kath. Kindertageseinrichtung / Familienzentrum St. Martin";"Girondelle 92";"44799 Bochum";"Kath. Kindertagesstätten";"Soziales";"";"www.kita-zweckverband.de/kita-suche/bochum.html";"3";"Örtlich";"1";"2009-07-18";"2023-08-29";"23585";"Soziales/Kindertagesstätten/Kath. Kindertagesstätten";"378383";"5702061";"2023-10-17"
"22329";"Kath. Kindertageseinrichtung Christ-König";"Düppelstr. 49 a";"44789 Bochum";"Kath. Kindertagesstätten";"Soziales";"";"www.kita-zweckverband.de/kita-suche/bochum.html";"3";"Örtlich";"1";"2009-07-17";"2018-11-05";"23585";"Soziales/Kindertagesstätten/Kath. Kindertagesstätten";"377064";"5704128";"2023-10-17"
"22327";"AWO Kindertageseinrichtung / Familienzentrum Gropiusweg";"Gropiusweg 14";"44801 Bochum";"Kindertagesstätten freie Wohlfahrtsverbände";"Soziales";"";"www.awo-ruhr-mitte.de/kinder-jugend-familie/kindertagesstaetten/kita-gropiusweg-bochum";"3";"Örtlich";"1";"2009-07-18";"2023-09-19";"23595";"Soziales/Kindertagesstätten/Kindertagesstätten freie Wohlfahrtsverbände";"379066";"5701963";"2023-10-17"
"22322";"OUTLAW Kita Querenburger Höhe";"Querenburger Höhe 295 a";"44801 Bochum";"Kindertagesstätten freie Wohlfahrtsverbände";"Soziales";"";"www.outlaw-ggmbh.de/einrichtung/kita-querenburger-hoehe-bochum";"3";"Örtlich";"1";"2014-11-19";"2023-08-31";"23595";"Soziales/Kindertagesstätten/Kindertagesstätten freie Wohlfahrtsverbände";"379121";"5701144";"2023-10-17"
"22302";"Kindertageseinrichtung Gethsemane";"Dorstener Str. 155";"44809 Bochum";"Ev. Kindertagesstätten";"Soziales";"";"www.kirchenkreis-bochum.de/kinder/einrichungen/bo-mitte/kindertageseinrichtung-gethsemane.html";"3";"Örtlich";"1";"2009-07-18";"2023-04-13";"23584";"Soziales/Kindertagesstätten/Ev. Kindertagesstätten";"374914";"5705962";"2023-10-17"
"22281";"AWO Kindertageseinrichtung / Familienzentrum Schulstraße";"Schulstr. 20";"44866 Bochum";"Kindertagesstätten freie Wohlfahrtsverbände";"Soziales";"";"www.awo-ruhr-mitte.de/kinder-jugend-familie/kindertagesstaetten/awo-kita-schulstrasse";"3";"Örtlich";"1";"2009-07-18";"2023-09-19";"23595";"Soziales/Kindertagesstätten/Kindertagesstätten freie Wohlfahrtsverbände";"369758";"5704770";"2023-10-17"
"22268";"Ev. Kindertageseinrichtung Tausendfüßler";"Küppersstr. 2";"44791 Bochum";"Ev. Kindertagesstätten";"Soziales";"";"www.kitaportal-bochum.de/profil/135";"3";"Örtlich";"1";"2009-07-18";"2023-02-09";"23584";"Soziales/Kindertagesstätten/Ev. Kindertagesstätten";"377083";"5705515";"2023-10-17"
"22244";"Städt. Kindertageseinrichtung Am Sattelgut";"Am Sattelgut 3";"44879 Bochum";"Kommunale Kindertagesstätten";"Soziales";"";"www.kitaportal-bochum.de/profil/16";"3";"Örtlich";"1";"2009-07-19";"2023-01-18";"23583";"Soziales/Kindertagesstätten/Kommunale Kindertagesstätten";"371028";"5698984";"2023-10-17"
"22162";"OUTLAW Kindertageseinrichtung Königsallee";"Königsallee 173";"44799 Bochum";"Kindertagesstätten freie Wohlfahrtsverbände";"Soziales";"";"https://www.outlaw-ggmbh.de/einrichtung/kita-koenigsallee-bochum";"3";"Örtlich";"1";"2011-08-22";"2023-08-31";"23595";"Soziales/Kindertagesstätten/Kindertagesstätten freie Wohlfahrtsverbände";"376668";"5702283";"2023-10-17"
"22152";"Ev. Kindertageseinrichtung Rosendelle";"Rosendelle 43";"44869 Bochum";"Ev. Kindertagesstätten";"Soziales";"";"www.kigarosendelle.jimdo.com/";"3";"Örtlich";"1";"2009-07-18";"2023-04-13";"23584";"Soziales/Kindertagesstätten/Ev. Kindertagesstätten";"373629";"5702410";"2023-10-17"
"22147";"AWO Kindertageseinrichtung / Familienzentrum Zillertalstraße";"Zillertalstr. 5 - 7";"44807 Bochum";"Kindertagesstätten freie Wohlfahrtsverbände";"Soziales";"";"www.awo-ruhr-mitte.de/kinder-jugend-familie";"3";"Örtlich";"1";"2009-07-18";"2023-01-18";"23595";"Soziales/Kindertagesstätten/Kindertagesstätten freie Wohlfahrtsverbände";"376635";"5707838";"2023-10-17"
"22143";"Städt. Kindertageseinrichtung-Familienzentrum Friesenweg";"Friesenweg 28";"44867 Bochum";"Kommunale Kindertagesstätten";"Soziales";"";"www.kitaportal-bochum.de/profil/20";"3";"Örtlich";"1";"2009-07-18";"2023-01-18";"23583";"Soziales/Kindertagesstätten/Kommunale Kindertagesstätten";"371511";"5703385";"2023-10-17"
"22126";"Kath. Kindertageseinrichtung St. Gertrud";"Gertrudenhof 6";"44866 Bochum";"Kath. Kindertagesstätten";"Soziales";"";"familienzentrum-wattenscheid.de/index.php?article_id=9";"3";"Örtlich";"1";"2009-07-18";"2023-01-18";"23585";"Soziales/Kindertagesstätten/Kath. Kindertagesstätten";"370350";"5704706";"2023-10-17"
"22121";"Städt. Kindertageseinrichtung-Familienzentrum Heinrichstraße";"Heinrichstr. 40 a";"44805 Bochum";"Kommunale Kindertagesstätten";"Soziales";"";"www.kitaportal-bochum.de/profil/7";"3";"Örtlich";"1";"2009-07-18";"2023-01-19";"23583";"Soziales/Kindertagesstätten/Kommunale Kindertagesstätten";"380462";"5708592";"2023-10-17"
"22020";"Ev. Kindertageseinrichtung / Familienzentrum Die Schatzinsel";"Wichernstr. 10";"44791 Bochum";"Ev. Kindertagesstätten";"Soziales";"";"www.kita-schatzinsel.de";"3";"Örtlich";"1";"2009-07-18";"2023-08-29";"23584";"Soziales/Kindertagesstätten/Ev. Kindertagesstätten";"378270";"5706247";"2023-10-17"
"21990";"Städt. Kindertageseinrichtung Am Krüzweg";"Am Krüzweg 45";"44879 Bochum";"Kommunale Kindertagesstätten";"Soziales";"";"www.kitaportal-bochum.de/profil/19";"3";"Örtlich";"1";"2009-07-19";"2023-01-18";"23583";"Soziales/Kindertagesstätten/Kommunale Kindertagesstätten";"371504";"5698507";"2023-10-17"
"21961";"Städt. Kindertageseinrichtung Händelstraße";"Händelstr. 50";"44805 Bochum";"Kommunale Kindertagesstätten";"Soziales";"";"www.kitaportal-bochum.de/profil/6";"3";"Örtlich";"1";"2011-10-07";"2023-01-19";"23583";"Soziales/Kindertagesstätten/Kommunale Kindertagesstätten";"379851";"5707639";"2023-10-17"
"21954";"Integrative Kindertageseinrichtung / Familienzentrum Wasserstraße";"Wasserstr. 435";"44795 Bochum";"Kindertagesstätten freie Wohlfahrtsverbände";"Soziales";"";"www.diakonie-ruhr.de/familie_und_jugend/familienzentrum_integrative_kindertagesstaette_wasserstrasse";"3";"Örtlich";"1";"2011-05-25";"2023-08-29";"23595";"Soziales/Kindertagesstätten/Kindertagesstätten freie Wohlfahrtsverbände";"374968";"5701802";"2023-10-17"
"21952";"Ev. Kindertageseinrichtung / Familienzentrum Matthäus";"Matthäusstr. 1";"44795 Bochum";"Ev. Kindertagesstätten";"Soziales";"";"www.matthaeus-kindertageseinrichtung.de";"3";"Örtlich";"1";"2009-07-19";"2018-10-30";"23584";"Soziales/Kindertagesstätten/Ev. Kindertagesstätten";"374308";"5701800";"2023-10-17"
"21946";"Ev. Kindertageseinrichtung Unter dem Regenbogen (Dreihügelstraße)";"Dreihügelstr. 20";"44805 Bochum";"Ev. Kindertagesstätten";"Soziales";"";"www.kitaportal-bochum.de/profil/158";"3";"Örtlich";"1";"2009-07-18";"2023-01-19";"23584";"Soziales/Kindertagesstätten/Ev. Kindertagesstätten";"379835";"5708790";"2023-10-17"
"21882";"Ev. Kindertageseinrichtung Rasselbande (Everstalstraße)";"Everstalstr. 25";"44894 Bochum";"Ev. Kindertagesstätten";"Soziales";"";"www.kitaportal-bochum.de/profil/169";"3";"Örtlich";"1";"2009-07-18";"2023-01-19";"23584";"Soziales/Kindertagesstätten/Ev. Kindertagesstätten";"384097";"5705555";"2023-10-17"
"21875";"Ev. Kindertageseinrichtung Finefraustraße";"Finefraustr. 2";"44793 Bochum";"Ev. Kindertagesstätten";"Soziales";"";"www.kitaportal-bochum.de/profil/142";"3";"Örtlich";"1";"2009-07-18";"2018-10-30";"23584";"Soziales/Kindertagesstätten/Ev. Kindertagesstätten";"373574";"5706921";"2023-10-17"
"21870";"Ev. Kindertageseinrichtung Hoffnungsbaum, Anne-Frank-Straße";"Anne-Frank-Str. 3";"44809 Bochum";"Ev. Kindertagesstätten";"Soziales";"";"www.kirchenkreis-bochum.de/kinder/einrichungen/bo-mitte/kindertageseinrichtung-hoffnungsbaum.html";"3";"Örtlich";"1";"2009-07-18";"2023-04-13";"23584";"Soziales/Kindertagesstätten/Ev. Kindertagesstätten";"374075";"5705954";"2023-10-17"
"21866";"Städt. Kindertageseinrichtung Mandelweg";"Mandelweg 6";"44869 Bochum";"Kommunale Kindertagesstätten";"Soziales";"";"www.kitaportal-bochum.de/profil/21";"3";"Örtlich";"1";"2009-07-18";"2023-01-18";"23583";"Soziales/Kindertagesstätten/Kommunale Kindertagesstätten";"371590";"5702335";"2023-10-17"
"21860";"Kath. Kindertageseinrichtung Liebfrauen";"Hattinger Str. 812 a";"44879 Bochum";"Kath. Kindertagesstätten";"Soziales";"";"www.liebfrauenbochum.de/kinder-jugend/kita-liebfrauen";"3";"Örtlich";"1";"2009-07-19";"2018-10-30";"23585";"Soziales/Kindertagesstätten/Kath. Kindertagesstätten";"372170";"5698981";"2023-10-17"
"21859";"Kath. Kindertageseinrichtung Gräfin-Imma";"Am Brunen 10";"44797 Bochum";"Kath. Kindertagesstätten";"Soziales";"";"www.graefin-imma.de";"3";"Örtlich";"1";"2009-07-18";"2018-10-30";"23585";"Soziales/Kindertagesstätten/Kath. Kindertagesstätten";"377850";"5698400";"2023-10-17"
"21845";"Ev. Kindertageseinrichtung Langendreerstraße";"Langendreerstr. 74 a";"44892 Bochum";"Ev. Kindertagesstätten";"Soziales";"";"www.kitaportal-bochum.de/profil/166";"3";"Örtlich";"1";"2009-07-18";"2018-10-30";"23584";"Soziales/Kindertagesstätten/Ev. Kindertagesstätten";"383601";"5702170";"2023-10-17"
"21842";"Städt. Kindertageseinrichtung/ Familienzentrum Zechenstraße";"Zechenstr. 12";"44791 Bochum";"Kommunale Kindertagesstätten";"Soziales";"";"www.kitaportal-bochum.de/profil/13";"3";"Örtlich";"1";"2009-07-18";"2023-01-18";"23583";"Soziales/Kindertagesstätten/Kommunale Kindertagesstätten";"375589";"5705953";"2023-10-17"
"21839";"Kath. Kindertageseinrichtung St. Marien";"Forstring 4";"44869 Bochum";"Kath. Kindertagesstätten";"Soziales";"";"www.kitaportal-bochum.de/profil/118";"3";"Örtlich";"1";"2009-07-18";"2023-01-18";"23585";"Soziales/Kindertagesstätten/Kath. Kindertagesstätten";"371509";"5701405";"2023-10-17"
"21838";"Ev. Kindertageseinrichtung Nelkenweg (Unterm Himmelszelt)";"Nelkenweg 1";"44869 Bochum";"Ev. Kindertagesstätten";"Soziales";"";"www.kitaportal-bochum.de/profil/139";"3";"Örtlich";"1";"2009-07-18";"2023-01-18";"23584";"Soziales/Kindertagesstätten/Ev. Kindertagesstätten";"372761";"5701434";"2023-10-17"
"21837";"Kath.Kindertageseinrichtung Kindervilla Dreihügel";"Dreihügelstr. 28";"44805 Bochum";"Kath. Kindertagesstätten";"Soziales";"";"www.pfarrei-liebfrauen.de/kitas";"3";"Örtlich";"1";"2009-07-18";"2018-10-30";"23585";"Soziales/Kindertagesstätten/Kath. Kindertagesstätten";"379864";"5709030";"2023-10-17"
"21760";"Städt. Kindertageseinrichtung Lohackerstraße";"Lohackerstr. 45";"44867 Bochum";"Kommunale Kindertagesstätten";"Soziales";"";"www.kitaportal-bochum.de/profil/14";"3";"Örtlich";"1";"2009-07-18";"2023-01-18";"23583";"Soziales/Kindertagesstätten/Kommunale Kindertagesstätten";"371602";"5703860";"2023-10-17"
"21530";"Städtische Kindertageseinrichtung Paßweg 45";"Paßweg 45";"44867 Bochum";"Kommunale Kindertagesstätten";"Soziales";"";"www.kitaportal-bochum.de/profil/194";"3";"Örtlich";"1";"2021-01-28";"2023-08-17";"23583";"Soziales/Kindertagesstätten/Kommunale Kindertagesstätten";"371312";"5703779";"2023-10-17"
"21516";"Kath. Kindertageseinrichtung Heilige Familie";"Karl-Friedrich-Str. 107";"44795 Bochum";"Kath. Kindertagesstätten";"Soziales";"";"www.pfarrei-st-franziskus.de/einrichtungen/kindertageseinrichtungen";"3";"Örtlich";"1";"2009-07-19";"2023-01-18";"23585";"Soziales/Kindertagesstätten/Kath. Kindertagesstätten";"375702";"5700512";"2023-10-17"
"21481";"Kath. Kindertageseinrichtung St. Franziskus";"Wasserstr. 470 a";"44795 Bochum";"Kath. Kindertagesstätten";"Soziales";"";"www.psfb.de/einrichtungen/kindertageseinrichtungen";"3";"Örtlich";"1";"2009-07-18";"2020-04-21";"23585";"Soziales/Kindertagesstätten/Kath. Kindertagesstätten";"374663";"5701527";"2023-10-17"
"21479";"DRK-Kindertageseinrichtung Abenteuerland";"Wasserstr. 435 b";"44795 Bochum";"Kindertagesstätten freie Wohlfahrtsverbände";"Soziales";"";"drk-bochum.de/angebote/kinder-jugend-und-familie/kita.html";"3";"Örtlich";"1";"2009-07-19";"2019-01-30";"23595";"Soziales/Kindertagesstätten/Kindertagesstätten freie Wohlfahrtsverbände";"374957";"5701686";"2023-10-17"
"21477";"AWO Kindertageseinrichtung / Familienzentrum Am Chursbusch";"Am Chursbusch 20";"44879 Bochum";"Kindertagesstätten freie Wohlfahrtsverbände";"Soziales";"";"www.awo-ruhr-mitte.de/kinder-jugend-familie";"3";"Örtlich";"1";"2009-07-19";"2023-01-18";"23595";"Soziales/Kindertagesstätten/Kindertagesstätten freie Wohlfahrtsverbände";"371948";"5697996";"2023-10-17"
"21476";"Kindertageseinrichtung Lummerland";"Dr.-C.-Otto-Str. 210";"44879 Bochum";"Kitas von Vereinen und Elterninitiativen";"Soziales";"";"www.lummerland-bochum.de";"3";"Örtlich";"1";"2016-09-19";"2023-01-18";"301160";"Soziales/Kindertagesstätten/Kitas von Vereinen und Elterninitiativen";"370237";"5699451";"2023-10-17"
"21472";"Kath. Kindertageseinrichtung St. Angela";"Im Ostholz 34";"44879 Bochum";"Kath. Kindertagesstätten";"Soziales";"";"www.kita-zweckverband.de/kita-suche/bochum/detail/27-st-angela.html";"3";"Örtlich";"1";"2009-07-19";"2023-01-18";"23585";"Soziales/Kindertagesstätten/Kath. Kindertagesstätten";"373674";"5699495";"2023-10-17"
"21471";"Ev. Kindertageseinrichtung Emmaus";"Karl-Friedrich-Str. 67 b";"44795 Bochum";"Ev. Kindertagesstätten";"Soziales";"";"www.bochum.de/kitaportal";"3";"Örtlich";"1";"2009-07-19";"2023-01-18";"23584";"Soziales/Kindertagesstätten/Ev. Kindertagesstätten";"375602";"5700860";"2023-10-17"
"21453";"Kinderhof Bochum e.V.";"Karl-Friedrich-Str. 91";"44795 Bochum";"Kitas von Vereinen und Elterninitiativen";"Soziales";"";"www.kinderhof-bochum.de";"3";"Örtlich";"1";"2016-09-19";"2016-09-19";"301160";"Soziales/Kindertagesstätten/Kitas von Vereinen und Elterninitiativen";"375630";"5700665";"2023-10-17"
"21446";"AWO Kindertageseinrichtung Am Schamberge";"Am Schamberge 20";"44879 Bochum";"Kindertagesstätten freie Wohlfahrtsverbände";"Soziales";"";"www.awo-ruhr-mitte.de/kinder-jugend-familie/kindertagesstaetten";"3";"Örtlich";"1";"2009-07-19";"2023-01-18";"23595";"Soziales/Kindertagesstätten/Kindertagesstätten freie Wohlfahrtsverbände";"373734";"5699823";"2023-10-17"
"21445";"Ev. Kindertageseinrichtung Kinderarche / Familienzentrum Weitmar";"Lange Malterse 28 a";"44795 Bochum";"Ev. Kindertagesstätten";"Soziales";"";"www.kinderarche-weitmar.de";"3";"Örtlich";"1";"2009-07-18";"2023-08-29";"23584";"Soziales/Kindertagesstätten/Ev. Kindertagesstätten";"374726";"5702763";"2023-10-17"
"21443";"Städt. Kindertageseinrichtung Neuhofstraße";"Neuhofstr. 11 a";"44795 Bochum";"Kommunale Kindertagesstätten";"Soziales";"";"www.kitaportal-bochum.de/profil/17";"3";"Örtlich";"1";"2009-07-19";"2023-01-18";"23583";"Soziales/Kindertagesstätten/Kommunale Kindertagesstätten";"374847";"5700839";"2023-10-17"
"21418";"Ev. Kindertageseinrichtung Bergmannstraße - Kita Kinderarche";"Bergmannstr. 4";"44809 Bochum";"Ev. Kindertagesstätten";"Soziales";"";"https://www.kirchenkreis-bochum.de/kitas/stadtteile/hofstede/kinderarche";"3";"Örtlich";"1";"2009-07-18";"2023-09-06";"23584";"Soziales/Kindertagesstätten/Ev. Kindertagesstätten";"374965";"5707956";"2023-10-17"
"8036";"Kindertagesstätte Centrumplatz des Ev. Kinder- und Jugendhauses";"Centrumplatz 2";"44866 Bochum";"Ev. Kindertagesstätten";"Soziales";"";"https://www.kita-centrumplatz.de/";"3";"Örtlich";"1";"2014-11-10";"2023-09-06";"23584";"Soziales/Kindertagesstätten/Ev. Kindertagesstätten";"372333";"5704905";"2023-10-17"
